San Francisco, Calif.
Rochester, N.Y.
WESTON, Fla.
Boston, Mass.
St. Louis, Mo.
San Francisco, Calif.
Pleasanton, Calif.
South San Francisco, Calif.
Chicago, Ill.
Raleigh, N.C.
New York, N.Y.
Milwaukee, Wis.
Mountain View, Calif.
Detroit, Mich.
Arlington, Texas
Kalamazoo, Mich.
McLean, Va.
Palo Alto, Calif.
San Antonio, Texas
Southfield, Mich.
Portsmouth, Ohio
Nashville, Tenn.
New York, N.Y.
Houston, Texas
Coral Gables, Fla.
San Jose, Calif.
Calabasas Hills, Calif.
Newtown Square, Pa.
New York, N.Y.
Santa Clara, Calif.
San Francisco, Calif.
Columbia, Mo.
McLean, Va.
Richmond, Va.
Bethesda, Md.
Houston, Texas
Cary, N.C.
San Jose, Calif.
Palo Alto, Calif.
Golden Valley, Minn.
San Diego, Calif.
Vienna, Va.
Kent, Wash.
Stamford, Conn.
St. Louis, Mo.
Menlo Park, Calif.
Lakeland, Fla.
San Jose, Calif.
Tarrytown, N.Y.
Kansas City, Mo.
Deerfield Beach, Fla.
New York, N.Y.
Columbus, Ohio
Seattle, Wash.
St. Louis, Mo.
New York, N.Y.
Memphis, Tenn.
Seattle, Wash.
Oklahoma City, Okla.
New York, N.Y.
Southfield, Mich.
Chicago, Ill.
Santa Ana, Calif.
San Francisco, Calif.
Clearwater, Fla.
Altoona, Pa.
Houston, Texas
Philadelphia, Pa.
Midvale, Utah
Woodland, Calif.
Dallas, Texas
San Antonio, Texas
Dallas, Texas
Morristown, N.J.
Westlake, Ohio
Dallas, Texas
Atlanta, Ga.
Mayfield Village, Ohio
Atlanta, Ga.
San Rafael, Calif.
Lowell, Mass.
Plano, Texas
McLean, Va.
Santa Monica, Calif.
Columbus, Ga.
Bellevue, Wash.
Chester, Pa.
Seattle, Wash.
New York, N.Y.
Columbus, Ohio
Memphis, Tenn.
Oklahoma City, Okla.
Coppell, Texas
Memphis, Tenn.
Plainsboro, N.J.
Memphis, Tenn.
North Chicago, Ill.
Atlanta, Ga.
Dallas, Texas
